{
  "lang":"en",
  "name":"pipeline",
  "version":"0.0.0",
  "spacy_version":">=3.2.1,<3.3.0",
  "description":"",
  "author":"",
  "email":"",
  "url":"",
  "license":"",
  "spacy_git_version":"800737b41",
  "vectors":{
    "width":0,
    "vectors":0,
    "keys":0,
    "name":null,
    "mode":"default"
  },
  "labels":{
    "tok2vec":[

    ],
    "ner":[
      "CASE NUMBER",
      "DATE",
      "DATE OF OCCURRENCE",
      "LOCATION",
      "OFFICER",
      "SUBJECT",
      "VICTIM",
      "WITNESS"
    ]
  },
  "pipeline":[
    "tok2vec",
    "ner"
  ],
  "components":[
    "tok2vec",
    "ner"
  ],
  "disabled":[

  ],
  "performance":{
    "ents_f":0.9246871445,
    "ents_p":0.908765653,
    "ents_r":0.9411764706,
    "ents_per_type":{
      "OFFICER":{
        "p":0.9197145406,
        "r":0.9458715596,
        "f":0.9326096789
      },
      "WITNESS":{
        "p":0.8666666667,
        "r":0.8280254777,
        "f":0.8469055375
      },
      "DATE OF OCCURRENCE":{
        "p":0.9496855346,
        "r":0.9869281046,
        "f":0.9679487179
      },
      "CASE NUMBER":{
        "p":0.9946236559,
        "r":1.0,
        "f":0.9973045822
      },
      "SUBJECT":{
        "p":0.8015267176,
        "r":0.9210526316,
        "f":0.8571428571
      },
      "LOCATION":{
        "p":0.8225806452,
        "r":0.85,
        "f":0.8360655738
      },
      "VICTIM":{
        "p":0.7765957447,
        "r":0.8795180723,
        "f":0.8248587571
      },
      "DATE":{
        "p":1.0,
        "r":0.8888888889,
        "f":0.9411764706
      }
    },
    "tok2vec_loss":239.8796776294,
    "ner_loss":739.6172156751
  }
}