{
  "lang":"en",
  "name":"pipeline",
  "version":"0.0.0",
  "spacy_version":">=3.2.1,<3.3.0",
  "description":"",
  "author":"",
  "email":"",
  "url":"",
  "license":"",
  "spacy_git_version":"800737b41",
  "vectors":{
    "width":0,
    "vectors":0,
    "keys":0,
    "name":null,
    "mode":"default"
  },
  "labels":{
    "tok2vec":[

    ],
    "ner":[
      "CASE NUMBER",
      "DATE",
      "DATE OF OCCURRENCE",
      "LOCATION",
      "OFFICER",
      "SUBJECT",
      "VICTIM",
      "WITNESS"
    ]
  },
  "pipeline":[
    "tok2vec",
    "ner"
  ],
  "components":[
    "tok2vec",
    "ner"
  ],
  "disabled":[

  ],
  "performance":{
    "ents_f":0.9276102088,
    "ents_p":0.9293351929,
    "ents_r":0.9258916165,
    "ents_per_type":{
      "OFFICER":{
        "p":0.9406307978,
        "r":0.9302752294,
        "f":0.9354243542
      },
      "WITNESS":{
        "p":0.8717948718,
        "r":0.8662420382,
        "f":0.8690095847
      },
      "DATE OF OCCURRENCE":{
        "p":0.9620253165,
        "r":0.9934640523,
        "f":0.9774919614
      },
      "CASE NUMBER":{
        "p":0.9973045822,
        "r":1.0,
        "f":0.9986504723
      },
      "SUBJECT":{
        "p":0.8448275862,
        "r":0.8596491228,
        "f":0.852173913
      },
      "LOCATION":{
        "p":0.8253968254,
        "r":0.8666666667,
        "f":0.8455284553
      },
      "VICTIM":{
        "p":0.8205128205,
        "r":0.7710843373,
        "f":0.7950310559
      },
      "DATE":{
        "p":1.0,
        "r":0.8333333333,
        "f":0.9090909091
      }
    },
    "tok2vec_loss":594.9377104492,
    "ner_loss":223.4187512888
  }
}