{
  "lang":"en",
  "name":"pipeline",
  "version":"0.0.0",
  "spacy_version":">=3.2.1,<3.3.0",
  "description":"",
  "author":"",
  "email":"",
  "url":"",
  "license":"",
  "spacy_git_version":"800737b41",
  "vectors":{
    "width":0,
    "vectors":0,
    "keys":0,
    "name":null,
    "mode":"default"
  },
  "labels":{
    "tok2vec":[

    ],
    "ner":[
      "CASE NUMBER",
      "DATE",
      "DATE OF OCCURRENCE",
      "LOCATION",
      "OFFICER",
      "SUBJECT",
      "VICTIM",
      "WITNESS"
    ]
  },
  "pipeline":[
    "tok2vec",
    "ner"
  ],
  "components":[
    "tok2vec",
    "ner"
  ],
  "disabled":[

  ],
  "performance":{
    "ents_f":0.9292929293,
    "ents_p":0.9212562585,
    "ents_r":0.9374710514,
    "ents_per_type":{
      "OFFICER":{
        "p":0.9283795882,
        "r":0.9513761468,
        "f":0.9397371998
      },
      "WITNESS":{
        "p":0.8741721854,
        "r":0.8407643312,
        "f":0.8571428571
      },
      "DATE OF OCCURRENCE":{
        "p":0.9559748428,
        "r":0.9934640523,
        "f":0.9743589744
      },
      "CASE NUMBER":{
        "p":0.9973045822,
        "r":1.0,
        "f":0.9986504723
      },
      "SUBJECT":{
        "p":0.8305785124,
        "r":0.8815789474,
        "f":0.8553191489
      },
      "LOCATION":{
        "p":0.8196721311,
        "r":0.8333333333,
        "f":0.826446281
      },
      "VICTIM":{
        "p":0.8271604938,
        "r":0.8072289157,
        "f":0.8170731707
      },
      "DATE":{
        "p":1.0,
        "r":0.8333333333,
        "f":0.9090909091
      }
    },
    "tok2vec_loss":372.5438334438,
    "ner_loss":320.9649073198
  }
}