{
  "lang":"en",
  "name":"pipeline",
  "version":"0.0.0",
  "spacy_version":">=3.2.1,<3.3.0",
  "description":"",
  "author":"",
  "email":"",
  "url":"",
  "license":"",
  "spacy_git_version":"800737b41",
  "vectors":{
    "width":0,
    "vectors":0,
    "keys":0,
    "name":null,
    "mode":"default"
  },
  "labels":{
    "tok2vec":[

    ],
    "ner":[
      "CASE NUMBER",
      "DATE",
      "DATE OF OCCURRENCE",
      "LOCATION",
      "OFFICER",
      "SUBJECT",
      "VICTIM",
      "WITNESS"
    ]
  },
  "pipeline":[
    "tok2vec",
    "ner"
  ],
  "components":[
    "tok2vec",
    "ner"
  ],
  "disabled":[

  ],
  "performance":{
    "ents_f":0.911627907,
    "ents_p":0.9154600654,
    "ents_r":0.907827698,
    "ents_per_type":{
      "OFFICER":{
        "p":0.916967509,
        "r":0.9321100917,
        "f":0.9244767971
      },
      "WITNESS":{
        "p":0.8525641026,
        "r":0.847133758,
        "f":0.8498402556
      },
      "DATE OF OCCURRENCE":{
        "p":0.9559748428,
        "r":0.9934640523,
        "f":0.9743589744
      },
      "CASE NUMBER":{
        "p":0.9946236559,
        "r":1.0,
        "f":0.9973045822
      },
      "SUBJECT":{
        "p":0.841025641,
        "r":0.7192982456,
        "f":0.7754137116
      },
      "LOCATION":{
        "p":0.7936507937,
        "r":0.8333333333,
        "f":0.8130081301
      },
      "VICTIM":{
        "p":0.8194444444,
        "r":0.7108433735,
        "f":0.7612903226
      },
      "DATE":{
        "p":1.0,
        "r":0.8888888889,
        "f":0.9411764706
      }
    },
    "tok2vec_loss":278.2873581254,
    "ner_loss":620.0228409334
  }
}